[
  {
    "extension": "revapi.java",
    "configuration": {
      "filter": {
        "classes": {
          "exclude": [
            "org\\.apache\\.logging\\.log4j\\.corel\\.impl\\.ContextAnchor",
            "org\\.apache\\.logging\\.log4j\\.core\\.async\\.AsyncLoggerDisruptor",
            "org\\.apache\\.logging\\.log4j\\.core\\.async\\.RingBufferLogEvent\\.Factory",
            "org\\.apache\\.logging\\.log4j\\.core\\.layout\\.AbstractJacksonLayout",
            "org\\.apache\\.logging\\.log4j\\.core\\.layout\\.AbstractJacksonLayout\\.ResolvableKeyValuePair",
            "org\\.apache\\.logging\\.log4j\\.core\\.net\\.SmtpManager\\.FactoryData",
            "org\\.apache\\.logging\\.log4j\\.core\\.net\\.TcpSocketManager\\.FactoryData",
            "org\\.apache\\.logging\\.log4j\\.core\\.util\\.CronExpression\\.ValueSet",
            "org\\.apache\\.logging\\.log4j\\.core\\.util\\.datetime\\.FastDatePrinter\\.NumberRule",
            "org\\.apache\\.logging\\.log4j\\.core\\.util\\.datetime\\.FastDatePrinter\\.Rule"
          ]
        },
        "packages": {
          "exclude": [
            "org.apache.logging.log4j.core.jmx",
            "org.apache.logging.log4j.core.jackson",
            "org.apache.logging.log4j.core.time.internal"
          ]
        }
      }
    }
  },
  {
    "extension": "revapi.ignore",
    "configuration": [
      {
        "code": "java.class.removed",
        "old": "class org.apache.logging.log4j.core.config.ConfiguratonFileWatcher",
        "justification": "LOG4J2-913 - This class name was misspelled"
      },
      {
        "code": "java.method.numberOfParametersChanged",
        "old": "method java.net.Socket org.apache.logging.log4j.core.net.SslSocketManager::createSocket(java.lang.String, int) throws java.io.IOException",
        "new": "method java.net.Socket org.apache.logging.log4j.core.net.TcpSocketManager::createSocket(java.net.InetSocketAddress, org.apache.logging.log4j.core.net.SocketOptions, int) throws java.io.IOException @ org.apache.logging.log4j.core.net.SslSocketManager",
        "justification": "LOG4J2-2586 - Support the host name resolving to mulitple ip addresses"
      },
      {
        "code": "java.method.nowStatic",
        "old": "method java.net.Socket org.apache.logging.log4j.core.net.SslSocketManager::createSocket(java.lang.String, int) throws java.io.IOException",
        "new": "method java.net.Socket org.apache.logging.log4j.core.net.TcpSocketManager::createSocket(java.net.InetSocketAddress, org.apache.logging.log4j.core.net.SocketOptions, int) throws java.io.IOException @ org.apache.logging.log4j.core.net.SslSocketManager",
        "justification": "LOG4J2-2586 - Support the host name resolving to mulitple ip addresses"
      },
      {
        "code": "java.method.numberOfParametersChanged",
        "old": "method java.net.Socket org.apache.logging.log4j.core.net.TcpSocketManager::createSocket(java.lang.String, int, org.apache.logging.log4j.core.net.SocketOptions, int) throws java.io.IOException @ org.apache.logging.log4j.core.net.SslSocketManager",
        "new": "method java.net.Socket org.apache.logging.log4j.core.net.SslSocketManager::createSocket(java.net.InetSocketAddress) throws java.io.IOException",
        "justification": "LOG4J2-2586 - Support the host name resolving to mulitple ip addresses"
      },
      {
        "code": "java.method.noLongerStatic",
        "old": "method java.net.Socket org.apache.logging.log4j.core.net.TcpSocketManager::createSocket(java.lang.String, int, org.apache.logging.log4j.core.net.SocketOptions, int) throws java.io.IOException @ org.apache.logging.log4j.core.net.SslSocketManager",
        "new": "method java.net.Socket org.apache.logging.log4j.core.net.SslSocketManager::createSocket(java.net.InetSocketAddress) throws java.io.IOException",
        "justification": "LOG4J2-2586 - Support the host name resolving to mulitple ip addresses"
      },
      {
        "code": "java.method.numberOfParametersChanged",
        "old": "method java.net.Socket org.apache.logging.log4j.core.net.TcpSocketManager::createSocket(java.lang.String, int) throws java.io.IOException",
        "new": "method java.net.Socket org.apache.logging.log4j.core.net.TcpSocketManager::createSocket(java.net.InetSocketAddress, org.apache.logging.log4j.core.net.SocketOptions, int) throws java.io.IOException",
        "justification": "LOG4J2-2586 - Support the host name resolving to mulitple ip addresses"
      },
      {
        "code": "java.method.nowStatic",
        "old": "method java.net.Socket org.apache.logging.log4j.core.net.TcpSocketManager::createSocket(java.lang.String, int) throws java.io.IOException",
        "new": "method java.net.Socket org.apache.logging.log4j.core.net.TcpSocketManager::createSocket(java.net.InetSocketAddress, org.apache.logging.log4j.core.net.SocketOptions, int) throws java.io.IOException",
        "justification": "LOG4J2-2586 - Support the host name resolving to mulitple ip addresses"
      },
      {
        "code": "java.method.numberOfParametersChanged",
        "old": "method java.net.Socket org.apache.logging.log4j.core.net.TcpSocketManager::createSocket(java.lang.String, int, org.apache.logging.log4j.core.net.SocketOptions, int) throws java.io.IOException",
        "new": "method java.net.Socket org.apache.logging.log4j.core.net.TcpSocketManager::createSocket(java.net.InetSocketAddress) throws java.io.IOException",
        "justification": "LOG4J2-2586 - Support the host name resolving to mulitple ip addresses"
      },
      {
        "code": "java.method.noLongerStatic",
        "old": "method java.net.Socket org.apache.logging.log4j.core.net.TcpSocketManager::createSocket(java.lang.String, int, org.apache.logging.log4j.core.net.SocketOptions, int) throws java.io.IOException",
        "new": "method java.net.Socket org.apache.logging.log4j.core.net.TcpSocketManager::createSocket(java.net.InetSocketAddress) throws java.io.IOException",
        "justification": "LOG4J2-2586 - Support the host name resolving to mulitple ip addresses"
      },
      {
        "code": "java.method.numberOfParametersChanged",
        "old": "method void org.apache.logging.log4j.core.layout.JsonLayout::<init>(org.apache.logging.log4j.core.config.Configuration, boolean, boolean, boolean, boolean, boolean, boolean, java.lang.String, java.lang.String, java.nio.charset.Charset, boolean)",
        "new": "method void org.apache.logging.log4j.core.layout.JsonLayout::<init>(org.apache.logging.log4j.core.config.Configuration, boolean, boolean, boolean, boolean, boolean, boolean, java.lang.String, java.lang.String, java.lang.String, java.nio.charset.Charset, boolean)",
        "justification": "LOG4J2-2337 - Allow to specify custom end-of-line for JSON layout"
      },
      {
        "code": "java.method.returnTypeTypeParametersChanged",
        "old": "method org.apache.logging.log4j.core.appender.WriterAppender.Builder org.apache.logging.log4j.core.appender.WriterAppender::newBuilder()",
        "new": "method <B extends org.apache.logging.log4j.core.appender.WriterAppender.Builder<B extends org.apache.logging.log4j.core.appender.WriterAppender.Builder<B>>> B org.apache.logging.log4j.core.appender.WriterAppender::newBuilder()",
        "justification": "LOG4J2-2491 - Allow all appenders to optionally carry a property array"
      },
      {
        "code": "java.generics.elementNowParameterized",
        "old": "method org.apache.logging.log4j.core.appender.WriterAppender.Builder org.apache.logging.log4j.core.appender.WriterAppender::newBuilder()",
        "new": "method <B extends org.apache.logging.log4j.core.appender.WriterAppender.Builder<B extends org.apache.logging.log4j.core.appender.WriterAppender.Builder<B>>> B org.apache.logging.log4j.core.appender.WriterAppender::newBuilder()",
        "justification": "LOG4J2-2491 - Allow all appenders to optionally carry a property array"
      },
      {
        "code": "java.generics.formalTypeParameterAdded",
        "old": "method org.apache.logging.log4j.core.appender.WriterAppender.Builder org.apache.logging.log4j.core.appender.WriterAppender::newBuilder()",
        "new": "method <B extends org.apache.logging.log4j.core.appender.WriterAppender.Builder<B extends org.apache.logging.log4j.core.appender.WriterAppender.Builder<B>>> B org.apache.logging.log4j.core.appender.WriterAppender::newBuilder()",
        "typeParameter": "B extends org.apache.logging.log4j.core.appender.WriterAppender.Builder<B extends org.apache.logging.log4j.core.appender.WriterAppender.Builder<B>>",
        "justification": "LOG4J2-2491 - Allow all appenders to optionally carry a property array"
      },
      {
        "code": "java.method.parameterTypeChanged",
        "old": "parameter java.nio.file.FileVisitResult java.nio.file.SimpleFileVisitor<T>::visitFileFailed(===T===, java.io.IOException) throws java.io.IOException @ org.apache.logging.log4j.core.appender.rolling.action.DeletingVisitor",
        "new": "parameter java.nio.file.FileVisitResult org.apache.logging.log4j.core.appender.rolling.action.DeletingVisitor::visitFileFailed(===java.nio.file.Path===, java.io.IOException) throws java.io.IOException",
        "justification": "Class overrides a type with generics, in practice there is no change."
      },
      {
        "code": "java.method.parameterTypeChanged",
        "old": "parameter java.nio.file.FileVisitResult java.nio.file.SimpleFileVisitor<T>::visitFileFailed(===T===, java.io.IOException) throws java.io.IOException @ org.apache.logging.log4j.core.appender.rolling.action.SortingVisitor",
        "new": "parameter java.nio.file.FileVisitResult org.apache.logging.log4j.core.appender.rolling.action.SortingVisitor::visitFileFailed(===java.nio.file.Path===, java.io.IOException) throws java.io.IOException",
        "justification": "Class overrides a type with generics, in practice there is no change."
      },
      {
        "code": "java.annotation.removed",
        "old": "method org.apache.logging.log4j.core.appender.SmtpAppender org.apache.logging.log4j.core.appender.SmtpAppender::createAppender(org.apache.logging.log4j.core.config.Configuration, java.lang.String, java.lang.String, java.lang.String, java.lang.String, java.lang.String, java.lang.String, java.lang.String, java.lang.String, java.lang.String, java.lang.String, java.lang.String, java.lang.String, java.lang.String, java.lang.String, org.apache.logging.log4j.core.Layout<? extends java.io.Serializable>, org.apache.logging.log4j.core.Filter, java.lang.String)",
        "new": "method org.apache.logging.log4j.core.appender.SmtpAppender org.apache.logging.log4j.core.appender.SmtpAppender::createAppender(org.apache.logging.log4j.core.config.Configuration, java.lang.String, java.lang.String, java.lang.String, java.lang.String, java.lang.String, java.lang.String, java.lang.String, java.lang.String, java.lang.String, java.lang.String, java.lang.String, java.lang.String, java.lang.String, java.lang.String, org.apache.logging.log4j.core.Layout<? extends java.io.Serializable>, org.apache.logging.log4j.core.Filter, java.lang.String)",
        "annotation": "@org.apache.logging.log4j.core.config.plugins.PluginFactory",
        "justification": "Plugin is created through builder class now. No practical change here."
      },
      {
        "code": "java.method.numberOfParametersChanged",
        "old": "method org.apache.logging.log4j.core.net.SmtpManager org.apache.logging.log4j.core.net.SmtpManager::getSmtpManager(org.apache.logging.log4j.core.config.Configuration, java.lang.String, java.lang.String, java.lang.String, java.lang.String, java.lang.String, java.lang.String, java.lang.String, java.lang.String, int, java.lang.String, java.lang.String, boolean, java.lang.String, int)",
        "new": "method org.apache.logging.log4j.core.net.SmtpManager org.apache.logging.log4j.core.net.SmtpManager::getSmtpManager(org.apache.logging.log4j.core.config.Configuration, java.lang.String, java.lang.String, java.lang.String, java.lang.String, java.lang.String, java.lang.String, java.lang.String, java.lang.String, int, java.lang.String, java.lang.String, boolean, java.lang.String, int, org.apache.logging.log4j.core.net.ssl.SslConfiguration)",
        "justification": "LOG4J2-2819 - Add support for specifying an SSL configuration for SmtpAppender"
      },
      {
        "code": "java.annotation.added",
        "old": "parameter org.apache.logging.log4j.core.net.ssl.SslConfiguration org.apache.logging.log4j.core.net.ssl.SslConfiguration::createSSLConfiguration(java.lang.String, org.apache.logging.log4j.core.net.ssl.KeyStoreConfiguration, org.apache.logging.log4j.core.net.ssl.TrustStoreConfiguration, ===boolean===)",
        "new": "parameter org.apache.logging.log4j.core.net.ssl.SslConfiguration org.apache.logging.log4j.core.net.ssl.SslConfiguration::createSSLConfiguration(java.lang.String, org.apache.logging.log4j.core.net.ssl.KeyStoreConfiguration, org.apache.logging.log4j.core.net.ssl.TrustStoreConfiguration, ===boolean===)",
        "annotation": "@org.apache.logging.log4j.core.config.plugins.PluginAttribute(\"verifyHostName\")",
        "justification": "LOG4J2-TODO"
      },
      {
        "code": "java.annotation.removed",
        "old": "parameter org.apache.logging.log4j.core.net.ssl.SslConfiguration org.apache.logging.log4j.core.net.ssl.SslConfiguration::createSSLConfiguration(java.lang.String, org.apache.logging.log4j.core.net.ssl.KeyStoreConfiguration, org.apache.logging.log4j.core.net.ssl.TrustStoreConfiguration, ===boolean===)",
        "new": "parameter org.apache.logging.log4j.core.net.ssl.SslConfiguration org.apache.logging.log4j.core.net.ssl.SslConfiguration::createSSLConfiguration(java.lang.String, org.apache.logging.log4j.core.net.ssl.KeyStoreConfiguration, org.apache.logging.log4j.core.net.ssl.TrustStoreConfiguration, ===boolean===)",
        "annotation": "@org.apache.logging.log4j.core.config.plugins.PluginElement(\"verifyHostName\")",
        "justification": "LOG4J2-TODO"
      },
      {
        "code": "java.class.defaultSerializationChanged",
        "old": "class org.apache.logging.log4j.core.time.MutableInstant",
        "new": "class org.apache.logging.log4j.core.time.MutableInstant",
        "justification": "LOG4J2-3075 MutableInstant extends from TemporalAccessor"
      },
      {
        "code": "java.class.removed",
        "old": "class org.apache.logging.log4j.core.util.SetUtils",
        "justification": "only used by web modules"
      },
      {
        "code": "java.method.removed",
        "old": "method org.apache.logging.log4j.core.appender.mom.JmsAppender.Builder org.apache.logging.log4j.core.appender.mom.JmsAppender.Builder<B extends org.apache.logging.log4j.core.appender.mom.JmsAppender.Builder<B extends org.apache.logging.log4j.core.appender.mom.JmsAppender.Builder<B>>>::setAllowedJndiProtocols(java.lang.String)",
        "justification": "Removed allowing additional protocols to be added"
      },
      {
        "code": "java.method.removed",
        "old": "method org.apache.logging.log4j.core.appender.mom.JmsAppender.Builder org.apache.logging.log4j.core.appender.mom.JmsAppender.Builder<B extends org.apache.logging.log4j.core.appender.mom.JmsAppender.Builder<B extends org.apache.logging.log4j.core.appender.mom.JmsAppender.Builder<B>>>::setAllowedLdapClasses(java.lang.String)",
        "justification": "Removed LDAP support"
      },
      {
        "code": "java.method.removed",
        "old": "method org.apache.logging.log4j.core.appender.mom.JmsAppender.Builder org.apache.logging.log4j.core.appender.mom.JmsAppender.Builder<B extends org.apache.logging.log4j.core.appender.mom.JmsAppender.Builder<B extends org.apache.logging.log4j.core.appender.mom.JmsAppender.Builder<B>>>::setAllowedLdapHosts(java.lang.String)",
        "justification": "Removed LDAP support"
      },
      {
        "code": "java.field.removedWithConstant",
        "old": "field org.apache.logging.log4j.core.net.JndiManager.ALLOWED_CLASSES",
        "justification": "Removed LDAP support"
      },
      {
        "code": "java.field.removedWithConstant",
        "old": "field org.apache.logging.log4j.core.net.JndiManager.ALLOWED_HOSTS",
        "justification": "Removed LDAP support"
      },
      {
        "code": "java.field.removedWithConstant",
        "old": "field org.apache.logging.log4j.core.net.JndiManager.ALLOWED_PROTOCOLS",
        "justification": "Removed allowing additional protocols"
      },
      {
        "code": "java.method.removed",
        "old": "method java.util.List<java.lang.String> org.apache.logging.log4j.core.util.NetUtils::getLocalIps()",
        "justification": "method is no longer used."
      }
    ]
  }
]
